722427	723611
1119343	1124854
1131490	1235938
1131490	1366641
1131668	1366641
1162438	1366641
1171907	1173059
1281287	1290082
1292784	1294298
1350330	1353237
1367860	1368413
1367860	1368413
1398700	1411796
1398700	1457292
1398700	1460079
1398700	1548329
1398700	1548329
1409631	1548329
1412354	1548329
1496137	1548329
1674562	1677337
1720920	1721132
1814954	1816601
1820545	1821883
1824133	1838443
1825670	1838443
1825670	1838443
1825670	1838443
1825670	1838443
1837052	1838443
1846289	1847968
1897199	1897765
2000933	2012303
2000933	2056843
2000933	2104871
2000933	2104871
2028827	2030441
2113975	2120006
2130434	2135245
2225254	2249135
2266675	2267739
2294160	2302517
2294160	2302517
2294160	2302517
2294160	2311188
2294160	2392517
2294160	2393058
2574896	2575564
2577951	2584019
2577951	2584029
2617667	2624005
2617667	2624005
2617667	2624005
2659901	2660458
2659901	2670794
2672696	2761820
2683964	2697273
2683964	2720570
2683964	2725956
2683964	2761820
2683964	2761820
2683964	2761820
2683964	2761820
2683964	2761820
2684843	2685771
2686957	2687325
2687683	2688120
2810963	2812145
2917497	2919789
2917497	2952801
2918454	2952801
3054298	3054939
3059833	3060390
3065329	3065886
3160505	3161467
3175236	3226920
3274862	3275759
3334260	3336321
3334260	3336321
3358307	3380467
3440694	3443809
3440694	3444228
3440694	3446366
3440694	3446692
3440694	3452037
3452156	3556534
3523247	3539964
3523247	3554794
3523247	3554794
3523247	3555604
3523247	3556534
3647746	3648780
3648801	3649271
3656198	3657148
3665670	3666338
3669792	3672101
3714534	3715232
3716012	3716730
3716012	3716730
3719454	3722621
3724220	3725074
3726765	3727124
3728638	3729060
3728638	3729421
3728638	3729421
3734772	3736566
3738087	3738881
3739310	3739959
3739310	3739959
3741978	3742715
3752153	3761399
3752153	3783112
3752153	3784255
3752153	3788370
3752153	3788370
3752164	3788370
3752256	3788370
3753316	3788370
3762302	3788370
3763368	3788370
3763451	3788370
3767443	3769767
3777676	3788370
3789760	3790644
3792220	3805978
3801569	3805978
3801569	3805978
3809655	3813348
3845562	3856439
3866696	3868847
3870621	3870902
3875380	3877468
3875987	3876724
3879443	3880986
3879443	3880986
3881871	3882785
3883914	3885377
3885755	3886197
3893108	3894661
3894662	3904564
3894662	3904564
3894662	3904564
3909390	3910101
3909400	3910101
3915580	3921584
3915580	3921584
3918188	3921584
3929084	3929620
3929715	3931649
3932200	3934507
3934780	3936916
3935346	3936212
3950257	3991876
3950257	3991898
3995641	3996077
3996968	3997736
3996968	3997736
4000404	4003877
4000404	4003877
4000404	4003877
4004602	4006954
4004602	4006954
4015449	4016403
4016919	4019210
4017540	4019210
4021515	4023524
4021515	4023524
4023713	4023871
4025965	4026162
4026146	4026544
4026616	4027813
4028418	4037053
4029338	4032640
4029338	4032640
4029338	4032640
4037928	4038376
4038747	4047352
4052835	4053235
4053725	4054267
4056180	4059097
4057549	4058075
4065917	4066831
4067067	4069211
4080421	4084592
4080421	4089671
4080421	4089671
4095374	4096459
4097180	4097753
4100104	4101632
4103537	4108380
4103537	4108380
4103936	4105300
4109042	4118818
4109042	4118896
4109042	4118896
4142303	4159320
4142303	4159320
4151845	4159320
4154742	4159320
4161230	4181786
4161230	4181786
4161230	4181786
4161230	4181786
4161230	4181786
4161230	4181786
4161230	4181786
4161230	4181786
4161230	4181786
4161230	4185188
4161230	4185188
4161230	4185188
4161230	4185188
4161230	4187341
4161230	4187341
4161230	4187341
4161230	4187341
4161230	4187341
4161230	4187341
4161230	4188133
4161230	4188133
4161230	4188133
4161230	4188133
4161230	4188133
4161230	4188133
4164810	4181786
4167069	4181786
4190750	4192144
4201052	4202068
4202712	4208225
4208795	4212407
4214400	4214657
4215294	4217229
4215294	4217229
4215502	4216392
4218424	4218935
4218424	4219110
4219699	4222074
4224750	4230184
4230939	4231298
4239353	4243538
4243897	4247311
4261196	4262517
4286998	4287412
4286998	4287468
4286998	4291034
4324872	4325546
4345168	4346567
4347925	4349103
4372408	4384028
4372408	4384200
4372408	4384200
4372408	4384251
4372408	4384251
4387808	4389706
4387808	4389706
4387808	4392159
4389044	4392159
4394563	4395324
4400095	4402321
4400095	4402321
4406813	4407620
4414619	4415515
4414619	4415515
4417726	4419837
4420007	4420590
4420678	4421495
4420678	4421495
4422077	4422834
4423069	4423570
4423831	4424177
4436091	4437916
4439658	4441760
4439769	4441760
4442574	4443096
4443350	4444143
4445476	4447458
4445476	4447458
4450563	4451740
4450563	4451740
4451836	4452445
4454994	4457712
4460755	4461758
4463030	4468073
4463030	4468073
4463030	4468166
4470813	4471612
4472029	4473419
4473985	4474779
4475476	4476916
4479335	4483017
4484043	4484582
4484043	4484582
4484043	4484582
4500705	4502007
4502430	4503432
4504692	4524833
4504692	4524833
4504692	4524833
4504692	4524833
4504692	4524833
4504692	4524833
4504692	4524833
4504692	4524833
4504692	4524833
4511833	4524833
4511833	4524833
4511833	4524833
4511833	4524833
4511847	4524833
4511847	4524833
4511847	4524833
4511847	4524833
4511847	4524833
4514160	4524833
4527867	4530885
4531552	4533473
4537119	4539818
4537119	4539818
4537119	4539818
4537119	4539818
4537119	4539818
4537119	4539818
4537119	4539818
4537119	4539818
4537119	4539818
4537119	4539818
4540977	4541601
4540977	4541601
4540977	4541601
4541166	4541601
4542073	4543008
4547583	4553912
4547583	4553912
4547583	4554068
4547583	4559846
4547583	4579584
4563826	4565414
4592391	4593965
4595516	4596790
4597061	4597509
4597746	4598092
4598994	4599269
4602695	4605106
4602695	4607874
4602695	4607874
4602695	4607874
4603642	4607874
4619799	4623925
4619799	4623925
4619799	4623925
4619799	4623925
4629670	4631787
4655044	4659128
4655044	4659128
4655044	4659128
4667030	4669604
4668123	4669604
4670024	4674695
4675353	4676899
4675556	4676899
4675556	4676899
4677050	4678384
4681517	4682708
4681517	4682708
4681517	4682708
4699728	4710924
4715991	4717103
4716107	4717103
4718761	4747460
4718761	4747460
4718761	4747460
4718761	4747460
4718761	4747460
4718761	4747460
4718761	4747460
4718761	4747460
4718801	4747460
4718801	4747460
4718801	4747460
4718801	4747460
4719038	4747460
4719038	4747460
4719038	4747460
4719038	4747460
4719038	4747460
4719038	4747460
4719038	4747460
4719038	4747460
4719038	4747460
4719038	4747460
4719038	4747460
4719038	4747460
4719038	4747460
4719038	4747460
4719038	4747460
4719038	4747460
4719038	4747460
4719038	4747460
4719038	4747460
4719038	4747460
4719038	4747460
4719038	4747460
4723000	4747460
4723009	4747460
4737792	4738511
4741571	4742301
4742533	4744231
4759346	4760863
4759346	4760863
4759346	4760863
4759346	4760863
4761185	4761945
4763941	4774028
4769952	4774028
4775605	4777407
4775605	4777407
4775605	4777407
4775605	4777407
4779748	4780467
4780920	4783532
4780920	4783532
4784739	4785536
4786139	4787883
4788089	4788892
4788089	4788892
4789938	4791502
4796219	4801855
4803624	4804282
4803624	4804282
4808141	4810150
4808141	4810150
4811448	4815192
4816046	4817102
4816471	4817102
4817861	4818740
4820416	4820864
4820416	4821742
4823166	4824600
4824968	4826373
4827906	4829845
4836477	4838094
4836477	4838094
4837495	4838094
4839010	4839969
4840663	4842186
4842279	4843214
4843779	4846455
4848981	4849895
4857709	4858498
4857709	4858768
4859470	4860307
4859470	4860408
4876902	4880372
4877435	4880372
4879678	4880372
4883744	4884617
4901281	4902740
4901281	4902740
4901364	4902740
4921323	4941780
4942750	4944461
4960710	4962685
4963714	4965077
4965186	4965594
4967821	5019736
4968149	4969759
4970163	4971576
4972871	4974483
4989943	5019736
5001936	5019736
5013434	5019736
5031917	5033474
5036948	5038191
5042678	5043160
5052665	5054800
5060113	5064669
5067020	5069573
5067020	5069573
5072637	5075177
5072637	5075177
5080350	5095062
5080350	5095062
5080350	5095062
5080350	5095062
5080350	5095062
5080350	5095062
5080350	5095062
5080350	5095062
5104346	5105795
5114854	5171830
5114854	5171830
5114854	5171830
5114854	5171830
5114854	5171830
5114854	5171830
5114854	5171830
5114854	5171830
5114854	5171830
5114854	5171830
5114854	5171830
5114854	5171830
5114854	5171830
5114854	5171830
5114854	5171830
5114854	5171830
5114854	5171830
5114854	5171830
5114854	5171830
5114854	5171830
5114854	5171830
5114854	5171830
5114854	5171830
5114854	5171830
5114854	5171830
5114854	5171830
5114854	5171830
5114854	5171830
5114854	5171830
5114854	5171830
5114854	5171830
5114854	5171830
5114854	5171830
5114854	5171830
5114854	5171830
5114854	5171830
5114854	5171830
5114854	5171830
5114854	5171830
5114854	5171830
5114854	5171830
5114854	5171830
5114854	5171830
5114854	5171830
5114854	5171830
5114854	5171830
5114854	5171830
5114854	5171830
5114854	5171830
5114854	5171830
5177557	5181424
5185689	5187952
5185689	5188809
5185689	5188809
5189082	5191155
5197047	5208463
5197047	5208463
5197047	5208463
5202543	5203255
5217407	5218273
5219882	5220745
5230883	5231746
5234447	5235310
5248948	5249811
5252525	5253454
5258293	5259048
5263750	5264508
5279249	5288776
5279249	5288776
5282936	5283484
5292988	5295027
5295173	5295800
5296282	5296856
5297268	5301159
5303027	5308759
5303027	5308759
5303027	5308759
5303027	5308759
5303027	5308759
5303027	5308759
5303027	5308759
5309744	5314177
5309744	5314177
5315595	5316974
5317399	5322501
5317399	5322501
5320134	5320745
5331322	5333281
5331322	5333281
5331322	5333281
5331322	5333281
5339925	5341058
5368242	5368975
5368242	5369218
5370742	5371474
5375256	5377073
5382035	5387208
5385446	5387208
5388838	5390716
5390987	5392325
5397792	5399288
5401709	5403666
5404398	5405429
5406008	5408598
5408657	5410266
5410783	5411939
5410783	5412213
5412828	5413872
5414681	5419634
5414681	5419634
5420015	5421269
5420015	5421444
5421816	5423195
5427547	5435522
5427547	5435522
5427547	5435522
5429213	5435522
5429213	5435522
5429213	5435522
5436158	5437596
5438152	5443931
5438738	5443931
5440329	5443931
5440329	5443931
5448172	5450377
5452809	5454386
5458293	5460781
5458293	5460781
5458293	5460781
5458293	5460781
5458293	5460781
5461121	5463163
5462347	5463163
5467823	5469058
5467823	5470892
5469068	5470447
5471159	5472558
5471159	5472558
5473331	5474104
5474233	5476377
5474233	5476377
5478620	5482051
5482590	5483503
5482844	5483886
5484294	5485854
5488937	5490519
5491330	5492488
5492578	5493355
5494122	5496505
5496186	5496422
5496971	5497240
5497560	5498732
5498836	5499313
5504283	5505302
5504283	5505302
5505824	5508629
5509945	5510849
5511530	5512106
5517632	5524639
5517632	5524828
5528510	5531146
5529637	5531146
5535766	5538991
5535766	5538991
5535766	5538991
5535766	5540304
5535766	5540356
5535766	5540449
5535766	5541632
5542257	5544394
5548799	5573454
5548799	5576078
5548799	5576078
5548799	5576078
5548799	5576078
5548799	5576078
5552929	5554077
5554405	5555415
5554424	5555415
5580246	5583161
5580246	5583161
5588953	5595468
5590242	5595468
5590242	5595468
5590242	5595468
5600201	5601341
5601671	5602260
5601731	5602260
5602792	5604267
5605291	5606016
5607218	5607995
5608152	5609857
5608152	5609857
5611761	5615491
5611761	5615491
5624549	5629139
5630590	5632113
5633774	5634782
5637301	5638166
5638374	5638751
5642013	5643764
5646203	5649003
5646203	5649003
5646203	5649003
5646203	5655194
5659764	5661904
5659764	5661904
5663156	5690310
5663156	5690310
5663156	5690310
5663681	5690310
5694546	5696277
5694546	5696277
5696855	5697902
5696855	5700492
5702203	5702733
5703164	5705926
5706776	5715074
5706776	5715230
5721858	5723499
5724185	5726268
5726472	5727095
5728915	5779830
5728915	5779830
5759748	5760155
5760214	5760936
5783461	5783886
5784847	5787691
5792768	5794372
5807026	5808758
5812313	5812579
5812874	5813611
5814580	5815949
5816146	5817543
5824490	5826408
5824490	5827123
5895693	5939965
5895693	5939965
5895693	5939965
5907108	5908802
5909127	5909828
5911773	5912579
5914804	5915583
5915988	5916719
5932804	5939965
5944370	5946916
5966090	5973152
5976718	5977203
5978838	5979297
5980562	5980968
5982189	5982590
5983571	5986866
5988909	5991191
5991809	5993212
5991809	5993829
5994762	5996583
5994762	5996583
5997346	5999211
6001597	6003407
6003912	6005868
6006741	6008731
6009550	6011726
6011873	6013809
6016480	6018377
6018816	6020787
6022243	6036539
6022243	6066199
6090621	6090926
6104091	6105909
6117777	6149417
6154248	6155879
6165291	6168965
6165291	6168965
6165291	6168965
6165291	6168965
6165291	6168965
6166196	6166469
6169309	6169887
6170059	6171458
6173878	6176566
6173878	6179306
6184703	6186992
6184703	6186992
6187989	6190918
6195621	6203120
6195621	6203120
6195621	6203120
6202214	6203120
6203682	6204709
6205785	6206738
6207361	6216007
6217745	6221165
6221579	6222188
6221579	6222429
6222836	6225251
6226064	6226453
6226798	6227753
6226798	6229026
6226798	6229026
6226798	6229026
6226798	6229026
6226798	6229960
6226798	6230273
6230873	6232373
6233208	6234435
6235664	6236833
6235664	6237245
6238119	6240002
6240725	6243100
6240725	6243100
6240725	6243355
6240725	6243355
6245801	6248781
6245801	6248781
6245801	6248781
6249522	6254893
6249522	6256417
6257488	6258108
6260313	6261584
6263326	6263986
6267600	6269252
6274171	6314732
6274171	6314732
6274171	6314732
6295707	6314732
6313182	6314732
6313182	6314732
6327335	6335369
6329902	6335369
6330045	6335369
6332859	6335369
6338033	6339415
6345265	6375127
6345265	6375127
6345265	6375127
6345265	6375127
6345265	6375127
6345265	6375127
6345265	6375127
6345265	6375127
6345265	6375127
6345265	6375127
6345265	6375127
6345265	6375127
6372585	6373163
6373250	6373825
6373250	6373841
6373476	6373841
6374039	6374660
6418350	6422438
6418350	6422438
6418350	6422438
6418350	6422438
6418350	6422438
6418350	6423057
6418350	6423057
6418350	6423057
6423340	6427169
6427250	6427565
6428325	6429848
6429919	6431647
6431820	6433099
6433358	6434697
6435102	6435960
6436115	6437122
6437926	6439722
6439931	6441023
6454137	6458335
6454137	6464470
6454137	6464470
6454137	6464470
6454137	6464470
6454137	6464470
6454137	6464470
6454137	6466696
6454137	6467504
6454137	6467504
6469540	6469843
6470460	6473741
6470460	6473741
6470460	6473741
6470460	6473741
6474329	6476005
6478702	6480471
6478702	6480471
6478702	6480471
6481258	6481905
6481258	6482101
6484127	6484867
6486730	6493648
6487866	6493648
6494994	6497566
6494994	6497566
6498857	6499624
6499200	6499624
6500861	6503985
6504354	6507276
6507769	6510683
6512015	6514688
6516296	6518522
6519984	6523631
6519984	6523631
6519984	6523631
6519984	6525969
6519984	6531392
6519984	6536210
6519984	6536210
6519984	6536210
6519984	6536210
6519984	6536253
6519984	6536253
6519984	6536253
6542693	6551104
6542693	6555546
6542693	6555546
6557720	6558739
6559928	6561244
6571305	6571547
6572488	6573173
6574625	6575139
6574625	6575139
6575413	6575781
6589613	6590844
6614338	6615630
6614419	6615630
6617993	6624388
6624769	6626356
6626826	6628443
6629174	6630889
6631787	6633956
6632922	6633188
6633961	6634377
6634751	6636232
6636366	6636627
6636681	6637019
6637225	6638364
6638955	6639355
6640440	6641532
6640440	6641532
6641728	6642471
6642877	6645280
6642877	6650858
6655246	6656389
6660525	6660813
6660525	6660874
6660874	6661140
6661150	6661347
6661367	6662767
6664370	6664834
6667164	6667763
6669986	6671089
6669986	6671089
6669986	6671089
6671179	6671561
6671179	6671561
6671179	6671561
6671179	6671561
6672875	6676039
6672875	6680010
6672875	6680010
6678295	6679206
6694047	6696590
6694047	6696590
6698044	6699834
6700758	6706422
6700758	6706422
6707063	6707777
6707987	6708814
6709240	6711252
6715085	6715422
6718731	6722762
6718983	6719699
6719782	6722762
6719782	6722762
6737658	6738443
6738613	6739410
6739434	6741992
6746456	6747385
6755361	6756385
6759214	6760692
6762345	6763831
6765083	6766567
6767847	6768920
6792074	6793230
6803111	6804848
6829456	6830179
6829456	6917345
6829482	6830179
6829482	6830179
6829634	6830179
6829634	6917345
6829871	6917345
6837918	6838598
6853266	6854225
6879757	6881232
6902822	6941036
6903948	6909206
6944583	6944955
6950321	6950665
6958578	6959180
6958839	6959180
6961746	6963082
6963239	6963575
6973106	6974663
6975982	6977344
6980456	6982690
7002464	7003705
7003851	7005094
7012946	7016283
7023784	7024971
7025590	7026558
7027218	7028368
7028549	7029727
7030098	7030442
7030688	7032940
7033046	7034461
7036270	7039734
7037749	7039734
7040925	7042342
7049137	7053388
7051872	7053388
7054559	7056239
7057036	7061990
7075838	7076815
7079068	7081259
7079068	7085206
7079068	7085206
7093018	7094858
7093018	7094858
7093018	7095573
7093018	7095573
7093018	7095573
7093018	7095573
7093018	7095573
7093018	7095573
7095716	7097694
7098613	7099172
7098613	7099172
7103039	7108764
7103039	7108764
7110162	7111089
7111384	7112381
7116090	7116518
7123326	7124002
7123326	7126875
7126199	7126875
7128819	7130175
7128819	7130878
7159905	7161223
7165235	7166268
7168025	7169049
7171929	7172953
7176794	7179278
7179411	7181548
7181909	7182921
7181909	7182921
7184453	7196358
7184453	7196358
7184453	7196358
7192133	7192777
7201379	7203643
7204192	7207276
7207320	7209951
7207320	7211069
7213879	7215007
7213879	7215007
7213879	7215007
7215205	7217737
7215205	7217737
7215205	7217737
7216711	7217737
7224936	7225472
7232941	7233374
7233377	7234908
7250823	7252055
7250823	7252425
7254058	7262078
7254058	7262078
7268086	7269702
7268086	7269702
7271021	7281241
7271021	7283122
7283491	7285543
7285891	7287708
7289898	7294259
7289898	7307776
7333682	7347374
7333682	7347374
7334464	7335489
7339348	7347374
7348545	7348949
7352534	7354665
7355243	7359300
7355243	7359903
7360679	7361511
7361906	7362957
7363521	7363820
7363926	7365024
7368127	7380177
7368127	7380177
7369254	7380177
7369254	7380177
7369891	7378820
7370209	7380177
7372102	7380177
7372102	7380177
7373706	7380177
7373706	7380177
7373706	7380177
7380542	7382554
7393049	7398568
7398814	7399371
7398814	7399371
7399579	7402216
7399579	7402216
7403296	7404066
7404298	7407272
7404566	7407272
7404566	7407272
7410515	7415236
7418129	7420081
7432490	7434073
7436585	7453934
7436585	7465523
7469668	7471867
7475968	7477554
7491430	7492386
7492998	7493708
7520119	7520888
7530677	7532356
7533192	7534205
7535446	7537476
7544311	7546164
7547556	7548350
7551920	7557056
7551920	7557056
7551920	7580545
7551920	7580545
7560144	7562120
7562235	7564213
7598793	7599392
7616267	7620573
7616267	7620573
7629584	7630386
7629775	7630386
7631034	7632539
7632658	7633797
7634648	7636215
7634648	7636215
7637167	7638564
7637167	7638564
7637167	7638564
7637167	7638564
7643342	7650859
7643342	7650859
7643342	7650859
7652389	7654600
7655196	7656024
7655196	7656024
7660463	7661726
7663054	7667025
7667604	7674129
7667604	7674129
7684560	7687022
7687315	7689038
7689115	7689549
7689552	7689811
7689996	7691608
7691837	7693642
7694642	7695136
7695375	7696562
7696761	7697141
7697705	7697863
7699349	7699942
7700412	7707241
7701052	7707241
7708315	7712719
7713152	7715282
7715741	7717875
7724336	7735270
7730261	7735270
7737493	7738258
7738381	7739027
7739179	7739364
7739588	7740047
7740299	7740951
7741479	7743220
7743603	7744115
7744357	7744791
7745067	7745650
7746662	7747502
7747980	7748448
7748913	7749393
7748913	7749393
7750632	7750927
7751392	7751859
7752123	7752578
7755418	7755932
7756205	7756696
7757249	7757875
7759044	7759707
7774578	7776167
7782291	7787551
7782291	7787551
7782291	7787551
7782291	7787551
7782291	7787551
7782291	7787551
7782291	7787551
7789782	7792382
7790966	7791617
7792689	7793411
7793795	7794505
7794760	7795542
7795644	7799581
7795644	7800341
7800428	7804301
7800428	7804970
7801359	7804970
7805446	7812819
7805446	7822962
7805446	7822962
7805446	7822962
7810625	7822962
7830121	7843854
7830121	7861870
7830121	7861870
7830121	7861870
7830121	7861870
7830121	7861870
7830121	7861870
7830121	7861870
7830121	7861870
7830121	7861870
7847813	7848801
7868872	7869486
7869720	7870343
7872053	7872690
7891874	7894043
7896867	7899327
7906221	7912992
7906221	7912992
7914901	7918367
7914901	7918771
7916193	7918771
7920093	7923797
7920093	7923797
7920093	7925642
7922151	7923797
7922151	7925642
7924303	7925642
7926355	7928259
7929219	7931089
7932016	7933647
7935228	7936866
7937434	7943197
7954729	7991678
7954729	7991678
7972618	7991678
7981524	7991678
7981961	7991678
7982085	7991678
7995146	7995913
7997397	7999021
8003928	8004313
8003928	8005413
8005340	8015715
8007964	8015715
8010404	8015715
8016069	8017148
8017984	8022705
8037404	8038045
8038355	8040635
8041064	8043591
8043913	8044731
8045600	8046158
8053577	8065673
8053577	8087658
8091437	8095891
8100520	8103117
8110231	8112107
8112634	8113583
8126870	8128069
8133625	8135837
8133625	8135837
8133625	8135837
8142022	8142800
8142969	8143562
8143635	8144356
8144427	8145149
8145475	8146096
8145475	8146283
8146516	8147188
8147210	8148283
8148517	8149566
8149600	8150775
8149742	8150775
8151650	8153688
8151650	8153688
8151650	8153688
8151650	8153688
8157228	8157980
8159161	8159745
8160694	8161692
8160694	8161692
8162291	8164657
8162291	8164896
8166653	8172455
8166653	8172455
8173389	8174871
8175231	8175564
8175231	8175564
8175231	8175564
8176779	8176973
8177264	8178675
8179939	8183057
8179939	8183057
8179939	8183057
8184747	8186389
8184747	8186389
8184747	8186389
8184747	8186389
8184747	8186389
8184747	8186389
8184747	8186389
8205663	8206748
8209104	8211202
8211492	8212218
8213238	8217986
8213238	8227439
8237048	8238450
8241275	8244539
8241275	8244539
8252577	8260466
8252577	8260466
8252577	8260466
8252577	8260466
8252577	8260466
8252577	8260466
8252577	8260466
8252577	8260466
8274266	8305235
8322702	8326005
8380517	8393370
8380517	8393370
8380517	8393370
8380517	8393370
8380517	8393370
8380517	8393370
8380517	8393370
8380517	8393370
8380517	8393370
8380517	8393370
8380517	8393370
8380517	8393370
8380517	8393370
8415638	8417721
8420957	8425381
8420957	8425381
8443234	8446114
8443234	8446114
8443234	8448686
8443234	8450704
8452375	8452703
8453327	8474336
8455418	8455989
8467232	8472568
8467232	8472568
8470580	8472568
8474080	8474336
8479497	8479952
8485727	8486394
8489347	8490625
8493306	8494103
8493306	8494103
8494773	8499835
8500828	8505539
8501008	8505539
8501769	8505539
8502004	8505539
8505662	8507387
8507831	8508834
8509190	8510616
8511203	8512552
8513104	8524043
8521173	8521934
8521173	8521934
8532491	8532890
8533357	8533764
8540046	8541587
8543844	8546473
8547711	8550312
8552917	8553705
8557172	8559321
8557172	8559321
8560482	8563931
8561846	8563931
8565734	8567781
8574455	8577558
8574455	8579896
8574455	8579896
8579033	8579896
8581806	8582111
8582660	8584986
8583743	8584986
8587830	8590218
8587830	8590218
8590560	8591207
8591416	8592093
8593668	8609077
8593668	8609077
8593668	8609077
8593668	8609077
8593668	8609077
8593668	8609077
8593668	8609077
8593668	8609077
8593668	8609077
8593668	8609077
8593668	8609077
8593668	8609077
8593668	8609077
8593668	8609077
8593668	8609077
8593668	8609077
8593668	8609077
8593668	8609077
8593668	8609077
8593668	8609077
8593668	8609077
8593668	8609077
8593668	8609077
8593668	8609077
8593668	8609077
8593668	8609077
8593668	8609077
8593668	8609077
8593668	8609077
8593668	8609077
8593668	8609077
8593668	8609077
8593668	8609077
8593668	8609077
8593668	8609077
8593668	8609077
8593668	8609077
8593668	8609077
8593668	8609077
8593668	8609077
8593668	8609077
8593668	8609077
8593668	8609077
8593668	8609077
8593668	8609077
8593668	8609077
8593668	8609077
8593668	8609077
8593668	8609077
8593668	8609077
8611673	8613579
8612533	8613579
8615245	8638822
8615245	8638822
8615245	8640225
8615245	8640225
8615971	8638822
8615971	8638822
8615971	8638822
8615971	8638822
8615971	8640225
8615971	8640225
8652983	8654030
8663040	8664994
8679607	8680268
8679607	8680512
8694395	8696553
8697361	8699257
8700016	8703948
8707658	8708113
8710339	8712195
8725526	8729739
8731560	8732137
8732442	8732854
8733100	8733936
8734102	8739956
8741450	8754900
8756030	8760602
8762704	8768199
8762704	8768199
8762704	8768926
8762704	8768926
8762704	8768926
8762704	8768926
8762704	8768926
8762704	8768926
8762704	8768926
8762704	8768926
8770736	8773423
8772402	8773210
8780184	8781873
8789470	8851983
8809101	8810962
8840058	8843984
8840084	8843984
8861929	8864119
8861929	8864119
8864781	8870279
8870451	8870947
8871762	8872927
8871762	8873655
8871762	8874073
8874625	8876059
8876638	8877186
8877643	8878246
8877643	8880769
8879262	8879810
8879262	8879810
8881100	8891834
8881100	8891834
8892828	8893264
8905555	8906567
8938519	8940177
8945561	8946211
8946409	8947212
8949351	8951495
8949351	8951495
8949351	8952632
8949351	8952632
8950610	8952632
8953738	8994355
8955732	8956061
8956481	8958823
9008493	9010413
9008493	9011934
9023089	9025322
9023089	9026604
9034560	9037144
9034560	9037144
9039328	9039534
9040732	9041510
9042107	9043498
9043859	9044298
9044460	9047829
9047902	9048584
9049115	9049530
9049637	9050341
9050770	9052102
9054384	9059758
9062044	9064349
9064918	9069289
9069581	9070154
9070675	9071762
9071917	9072881
9074521	9082064
9083944	9090681
9092064	9092267
9094438	9095260
9095333	9097491
9098505	9101529
9102016	9102314
9102536	9102811
9103263	9104097
9104819	9110626
9104819	9110626
9111961	9113404
9111961	9113404
9114459	9126220
9126727	9127227
9127269	9127973
9128807	9130072
9130780	9137537
9134691	9136496
9138265	9140067
9140504	9143062
9141549	9142435
9141665	9142435
9143568	9145300
9156070	9163281
9156070	9188977
9181035	9188977
9197773	9198869
9200257	9210407
9201855	9203385
9211649	9213469
9212277	9213469
9213647	9215052
9215418	9216683
9217399	9219879
9221730	9223007
9224584	9227410
9227806	9229090
9229807	9239078
9229807	9240673
9229807	9243891
9244352	9245589
9249714	9250644
9251113	9253352
9256006	9257176
9259601	9261093
9262853	9265020
9263149	9265020
9263149	9265020
9270559	9271924
9287815	9296631
9308151	9310538
9308151	9310538
9308151	9311530
9308151	9311530
9318323	9319069
9321165	9328657
9321165	9328657
9321165	9328657
9321165	9328657
9321165	9328657
9321165	9328657
9321165	9328657
9321165	9328657
9329853	9330488
9331781	9332865
9333303	9334010
9334488	9338794
9342685	9345549
9344303	9345549
9344303	9345549
9346505	9348382
9347079	9348382
9359929	9370768
9393637	9398850
9393637	9398850
9393637	9398850
9432100	9432900
9441740	9442172
9448848	9449277
9458611	9474412
9465767	9466732
9501934	9506255
9510730	9525767
9533289	9534050
9534737	9537542
9538031	9541354
9538031	9542897
9543509	9553435
9547344	9553435
9553709	9559419
9553709	9559419
9560433	9561386
9561450	9562233
9561450	9562284
9562625	9564225
9564996	9566694
9567371	9568900
9570149	9570457
9573118	9573426
9574436	9574870
9574919	9575150
9616596	9619301
9661593	9664168
9661593	9664168
9661593	9664168
9676092	9677280
9677624	9678483
9679445	9682950
9685279	9686327
9699813	9708240
9699813	9708438
9699813	9708438
9699813	9714061
9699813	9714061
9699813	9714061
9699813	9714061
9699813	9714061
9699813	9714061
9699813	9714061
9728525	9732974
9739667	9740585
9752318	9752869
9759767	9760372
9764602	9765849
9794571	9824510
9797922	9799794
9823679	9823987
9828106	9831038
9831554	9832771
9831554	9832771
9831554	9832771
9831554	9832771
9831554	9832771
9833135	9834192
9834765	9837056
9834765	9837056
9838037	9841656
9838711	9841656
9845243	9852865
9845243	9852865
9845876	9852865
9846091	9852865
9872644	9873328
9872822	9873328
9872887	9873328
9874051	9876896
9874051	9877053
9874051	9877053
9874051	9877053
9874051	9877053
9874051	9878311
9874051	9878311
9874051	9878311
9878945	9880523
9880783	9882001
9883664	9894286
9884088	9894286
9887769	9889573
9895401	9895683
9896049	9896406
9896734	9897423
9900198	9900488
9902896	9909019
9902896	9909019
9902896	9909019
9909286	9911995
9912217	9914914
9915275	9915661
9915696	9917098
9917902	9919523
9919782	9923757
9924335	9928416
9924335	9928416
9926579	9928416
9929037	9935197
9929753	9932278
9929753	9932684
9935316	9937986
9938460	9941148
9942146	9951111
9942146	9951111
9942146	9951111
9942146	9951111
9942146	9956909
9964196	9966876
9981963	9984279
9988228	9988764
9989633	9990273
9993068	10019724
9993068	10019724
9993068	10019724
9993068	10019724
9993068	10019724
9993068	10019724
9993068	10019724
10002256	10019724
10038504	10040905
10078252	10108567
10078252	10108567
10120239	10121053
10121424	10124012
10145612	10146122
10146663	10147584
10148443	10149125
10149161	10149798
10149282	10149798
10150473	10151649
10152608	10153775
10157355	10158193
10163163	10189800
10163163	10189800
10190411	10191176
10192645	10197145
10192645	10197145
10193186	10197145
10198403	10202486
10198403	10202486
10207091	10207327
10212866	10217580
10221144	10222636
10223516	10224801
10224983	10226542
10227348	10228295
10230035	10230703
10230830	10246566
10230830	10246566
10230830	10246566
10230830	10246566
10230830	10246566
10230830	10246566
10230830	10246566
10230830	10246566
10230830	10246566
10230830	10246566
10230830	10246566
10230830	10246566
10230830	10246566
10230830	10251445
10230830	10251445
10230830	10251445
10230830	10255942
10230830	10255942
10230830	10255942
10230830	10255942
10233512	10246566
10233512	10246566
10243250	10246566
10246628	10251445
10257124	10258187
10261050	10262465
10261050	10262465
10263608	10265000
10266543	10270061
10266543	10270061
10270468	10271478
10271956	10275559
10273311	10275251
10277915	10296869
10277915	10296869
10277915	10296869
10280432	10296539
10280432	10296787
10280432	10296869
10280432	10296869
10280432	10296869
10292747	10296539
10292747	10296869
10299222	10300016
10300410	10300966
10302492	10303045
10306673	10307155
10309096	10313707
10314201	10315898
10316777	10318838
10320176	10320626
10320176	10321444
10323138	10327559
10329717	10331221
10329860	10331221
10329860	10331221
10332005	10333434
10337993	10352091
10362455	10364471
10365183	10366475
10367330	10370623
10367330	10370623
10367330	10370623
10367330	10370623
10367330	10370623
10367330	10370623
10367995	10370623
10372287	10375623
10372287	10375623
10378174	10382685
10378174	10382685
10378174	10382685
10385145	10385435
10388378	10390003
10390875	10392965
10394340	10395044
10394340	10395044
10394340	10395044
10397740	10399611
10397974	10399611
10400573	10402038
10400573	10403105
10404483	10406804
10404483	10406804
10411660	10412161
10413988	10414641
10415173	10415800
10416287	10417236
10416287	10417236
10417896	10418671
10418827	10421026
10418827	10421026
10422576	10423119
10423345	10423651
10424098	10425003
10426105	10430138
10431498	10432983
10431498	10432983
10435102	10437450
10439266	10442513
10446484	10449698
10446484	10449698
10447058	10448466
10447058	10448891
10450314	10451093
10451439	10453560
10454200	10454738
10454933	10455517
10455753	10456679
10457988	10475409
10457988	10475409
10457988	10475409
10457988	10475409
10462651	10466281
10479819	10482798
10499408	10500040
10509701	10525645
10509701	10525645
10509701	10525645
10509701	10525645
10509701	10525645
10509701	10525645
10509701	10525645
10509701	10525645
10522762	10525645
10528845	10530419
10530450	10530812
10530976	10531473
10531991	10532488
10532776	10539096
10536262	10536516
10539539	10540897
10541178	10542271
10542426	10543520
10568623	10578424
10568623	10578424
10581145	10582633
10582745	10584176
10582745	10584176
10584335	10585848
10587006	10589044
10590798	10591456
10590798	10591456
10596187	10596366
10597042	10605592
10597042	10605592
10597042	10605592
10597042	10605592
10597042	10605592
10597042	10605592
10606514	10607686
10608241	10610836
10609606	10610836
10611173	10614863
10620071	10621322
10620150	10621322
10621876	10624471
10623241	10624471
10624808	10628495
10628670	10636848
10628670	10637039
10628670	10637039
10628670	10637039
10628670	10637039
10628670	10637039
10628670	10637039
10628670	10637039
10628670	10637039
10628670	10637039
10628670	10637039
10628670	10637039
10628670	10637039
10628670	10637039
10628670	10637039
10628670	10637039
10629181	10637039
10638690	10640090
10666932	10668314
10677048	10693196
10677048	10702398
10677048	10706740
10694015	10694404
10712549	10715558
10712549	10716228
10716754	10717840
10718242	10719249
10718677	10719249
10719979	10721782
10719979	10721782
10719979	10721782
10719979	10721782
10724722	10726531
10728551	10731743
10728551	10731743
10728551	10731928
10728551	10731928
10728551	10731928
10728551	10731928
10736769	10737211
10746200	10808287
10746646	10762813
10746646	10794294
10746646	10794294
10746646	10808287
10746646	10808287
10769174	10808287
10800281	10802063
10814728	10815346
10814728	10815346
10816594	10836278
10842011	10843063
10843675	10844490
10845753	10850620
10851737	10853390
10854059	10854824
10854959	10858819
10866504	10874435
10866504	10876936
10866504	10876936
10866504	10876936
10878442	10880289
10880478	10881868
10882125	10883369
10883573	10884581
10885132	10885527
10885132	10885527
10891078	10891922
10897095	10982930
10897095	10982930
10898375	10898812
10899293	10899889
10900249	10900698
10921426	10982930
10921426	10982930
10921426	10982930
10943489	10982930
10943489	10982930
10949451	10978841
10949451	10982930
10949451	10982930
10949451	10982930
10949451	10982930
10949451	10982930
10949451	10982930
10949451	10982930
10949451	10982930
10949451	10982930
10949451	10982930
10949478	10982930
10949697	10982930
10950905	10951030
10950905	10951030
10951374	10951553
10952488	10952853
10962889	10982930
10962889	10982930
10984953	10990077
10984953	10992211
10986309	10986668
10994301	10995317
10995436	10996305
10997074	10999419
11003057	11004265
11003057	11015598
11003057	11015598
11003057	11015598
11003057	11016485
11003057	11022423
11003057	11022423
11003057	11031685
11003057	11031685
11003057	11031685
11003057	11031685
11003057	11031685
11003057	11031685
11003057	11031685
11003057	11031685
11003057	11031685
11003057	11031685
11003057	11031685
11003057	11031685
11003057	11031685
11003057	11031685
11003057	11031685
11003057	11031685
11003057	11031685
11003057	11031685
11003057	11031685
11003057	11031685
11003057	11031685
11003057	11031685
11003057	11031685
11003057	11031685
11003057	11041995
11003057	11041995
11025423	11031685
11042172	11043812
11042172	11045603
11046691	11048670
11048968	11057484
11058434	11072954
11058434	11072954
11058434	11072954
11058434	11072954
11068591	11069031
11069106	11069534
11069608	11070384
11076576	11081571
11083773	11085763
11083773	11085763
11083929	11085763
11087772	11093377
11087772	11093377
11087772	11093377
11087772	11093377
11087772	11093377
11087772	11093377
11087772	11093377
11094717	11096037
11094865	11096037
11094912	11096037
11096523	11097922
11098304	11099807
11100144	11100774
11100799	11101121
11101575	11103769
11101575	11103769
11108142	11120449
11108142	11120449
11108142	11123949
11108142	11140948
11108142	11140948
11125383	11129073
11127160	11129073
11136364	11138861
11136364	11138861
11137257	11138861
11154997	11159770
11154997	11159770
11154997	11159770
11154997	11159770
11154997	11159770
11162309	11165241
11162309	11165241
11165488	11168571
11165488	11170880
11169792	11177287
11173382	11177287
11177870	11182077
11178869	11182077
11182715	11186008
11186825	11190607
11187348	11190607
11191537	11195263
11191537	11195263
11196703	11200971
11196703	11202688
11203481	11206877
11207403	11210686
11211141	11214531
11215488	11218920
11219397	11222985
11219397	11222985
11223416	11223664
11224889	11225512
11226234	11227164
11227328	11228087
11231345	11231830
11234683	11237443
11234683	11237443
11234683	11237443
11239354	11239977
11240894	11242281
11246316	11250661
11248009	11248567
11248699	11249925
11248699	11249925
11248699	11250007
11252141	11252587
11254225	11254695
11255313	11256006
11256706	11257457
11257710	11258390
11260824	11261505
11263840	11265293
11265828	11267698
11269227	11271083
11273226	11274999
11275466	11276025
11276801	11277555
11277794	11278729
11279405	11280562
11281929	11284771
11285369	11286341
11292812	11297681
11298201	11301223
11299595	11300152
11299595	11300152
11299595	11300152
11301746	11304964
11305699	11307812
11308958	11322267
11308958	11322267
11308958	11324157
11308958	11329240
11308958	11329240
11308958	11329240
11308958	11329240
11308958	11329240
11330573	11332427
11330573	11332427
11330573	11332427
11333015	11335356
11335788	11337652
11335863	11337652
11335863	11337652
11339060	11340439
11341208	11341931
11350998	11352140
11353507	11353887
11354571	11356589
11354606	11356589
11357295	11358365
11358689	11359116
11360073	11361809
11365233	11367173
11365233	11367173
11365233	11367173
11365233	11367173
11367402	11368271
11368886	11375235
11375527	11377954
11381669	11383259
11383450	11387290
11383920	11387290
11383920	11387290
11383920	11387290
11384172	11387290
11384172	11387290
11387580	11389276
11387580	11389276
11387580	11389276
11387580	11389492
11387580	11389492
11387580	11394514
11387932	11389492
11388105	11389492
11388524	11389492
11392959	11393788
11392959	11393788
11394898	11395632
11396578	11397389
11399460	11401396
11402106	11404364
11402106	11404364
11405348	11410603
11405348	11410603
11405348	11410603
11405348	11410603
11413235	11413624
11413235	11415816
11416289	11418217
11418725	11418985
11418725	11418985
11420860	11423633
11420860	11423633
11420860	11423633
11426698	11431407
11433467	11439942
11441983	11450238
11442477	11450238
11451868	11458068
11458564	11460790
11461307	11461732
11466938	11468724
11470323	11471249
11472749	11475530
11480546	11481715
11481798	11484453
11496256	11499093
11497247	11499093
11499426	11499908
11503204	11505187
11503204	11505261
11510863	11517516
11512400	11517516
11517941	11518472
11519318	11520755
11522391	11523230
11531607	11532638
11531607	11532638
11531607	11532638
11531607	11532638
11531607	11532638
11536218	11540567
11536218	11540567
11536218	11540567
11536218	11540567
11536218	11541443
11536218	11541443
11543419	11543925
11545232	11546301
11545232	11546301
11547190	11547666
11547743	11548921
11549745	11550872
11551280	11553430
11553542	11555779
11557692	11564712
11557692	11564712
11567734	11570773
11571723	11574628
11575496	11576704
11576958	11578442
11582849	11584289
11582869	11584531
11582869	11584531
11583488	11584531
11584705	11586489
11584705	11591718
11587285	11590242
11587285	11591718
11616760	11641948
11655065	11655478
11657875	11669932
11657875	11669932
11672585	11677526
11684259	11688042
11690075	11693542
11693793	11695097
11695937	11696853
11697192	11699162
11697192	11699162
11699684	11701070
11701624	11708187
11709049	11709799
11710537	11712981
11713365	11713952
11727662	11729131
11727662	11729131
11727662	11729131
11727662	11729131
11730439	11734553
11734740	11735329
11735515	11736104
11737480	11739126
11737480	11739126
11737480	11739126
11738142	11739126
11738142	11739126
11739254	11739840
11747295	11750461
11747295	11750461
11747295	11750461
11755954	11758249
11760567	11762261
11760567	11767944
11771806	11777097
11773150	11777097
11784133	11785368
11787445	11829694
11787445	11829694
11787445	11829694
11787445	11829694
11787445	11829694
11787445	11829694
11787445	11829694
11787445	11844221
11787445	11844221
11787445	11844221
11787445	11844221
11787445	11844221
11787445	11844221
11787445	11844221
11787445	11844221
11787445	11844221
11787445	11844221
11787445	11844221
11787445	11844221
11787445	11844221
11787445	11844221
11787445	11844221
11787445	11844221
11787445	11844221
11787445	11844221
11787445	11844221
11787445	11844221
11787445	11844221
11787445	11844221
11787445	11844221
11787445	11844221
11787445	11844221
11787445	11844221
11787445	11844221
11787445	11844221
11787445	11844221
11787445	11844221
11787445	11855396
11787445	11855396
11787445	11855396
11787445	11855396
11787445	11855396
11787445	11855396
11787445	11855396
11787445	11855396
11787445	11855396
11787445	11855396
11806669	11844221
11875172	11879820
11875172	11879820
11875172	11881564
11875172	11881564
11875172	11881564
11875172	11881564
11881067	11882041
11881334	11882041
11882054	11882236
11885817	11887137
11885817	11887137
11888714	11889906
11890595	11893021
11893514	11902219
11895901	11902219
11897611	11902219
11905081	11929797
11905081	11929797
11905081	11929797
11932464	11935557
11936099	11937329
11936099	11937552
11937760	11938606
11939619	11946808
11939619	11946808
11939619	11946808
11949780	11953781
11955989	11958695
11960134	11966161
11961156	11962622
11962937	11966161
11968961	11970835
11971872	11982103
11972227	11982103
11972227	11982103
11972227	11982103
11976130	11977325
11979107	11979688
11991142	11992554
11991142	11992814
11991142	11995494
11991142	11995494
11991142	11998271
11991142	12000527
11991142	12002670
11991142	12002977
11991142	12003870
11991142	12004936
12001431	12002977
12001431	12004936
12007409	12008246
12008955	12010121
12012472	12013357
12015027	12016093
12029291	12035412
12040076	12040326
12044905	12046627
12056176	12078723
12085450	12086487
12089596	12090755
12101106	12119503
12121376	12123196
12121376	12123236
12124070	12131492
12124070	12131492
12124070	12131492
12124070	12131492
12124795	12131492
12132709	12132917
12134689	12134889
12136773	12137660
12153225	12155058
12155444	12157304
12173481	12175940
12173481	12175940
12178506	12181713
12187379	12188063
12211155	12211904
12212785	12213443
12213920	12214555
12214908	12215798
12216146	12218688
12221321	12221779
12222951	12224375
12244294	12245387
12245851	12247038
12249462	12294475
12249462	12294475
12263187	12265546
12263187	12265546
12301137	12301898
12302042	12302549
12307631	12308973
12324867	12325688
12326861	12328492
12326861	12328492
12329634	12333836
12331156	12333836
12334451	12335044
12336259	12338943
12336259	12349106
12339707	12340344
12341419	12342454
12341836	12342454
12341836	12342454
12350642	12352184
12352900	12353298
12353298	12354068
12354290	12354861
12355234	12355695
12357099	12363448
12359426	12361287
12366955	12369243
12366955	12369243
12367057	12369243
12367057	12369243
12369646	12373779
12374203	12375847
12374203	12376083
12376437	12378395
12383678	12390095
12383678	12390095
12383678	12390095
12383678	12390095
12383678	12390095
12387415	12390095
12391051	12392802
12391051	12399149
12391051	12402202
12391051	12402202
12391758	12402202
12411308	12412139
12418593	12437564
12418593	12437564
12418593	12437564
12418593	12437564
12439053	12439900
12440040	12441836
12442221	12444493
12444661	12448888
12446626	12447793
12451838	12452640
12452966	12453539
12453801	12454366
12454567	12455257
12455302	12456411
12457709	12458246
12460287	12500679
12494342	12500679
12502208	12511497
12502208	12511497
12503616	12505435
12503616	12505435
12503616	12505435
12503616	12505435
12503616	12505435
12503616	12505435
12503616	12505435
12503616	12505435
12503616	12505435
12503616	12505435
12506399	12508178
12510660	12511497
12512572	12513641
12531111	12551089
12531111	12551089
12625109	12627154
12625109	12630082
12625109	12630082
12625109	12630082
12625109	12630082
12631751	12632132
12634421	12635778
12637563	12638747
12639102	12643557
12643698	12644131
12644150	12645074
12645594	12647672
12678950	12687651
12689539	12692218
12692270	12693090
12694900	12699554
12700512	12702126
12702409	12704115
12704924	12707054
12707546	12709944
12710505	12713840
12717213	12720265
12719702	12720265
12728895	12729698
12740907	12741494
12749441	12783445
12763311	12763672
12765624	12766899
12767411	12768750
12780938	12781447
12799476	12800670
12799476	12800670
12800940	12802493
12811099	12821936
12816940	12821936
12821005	12821936
12821115	12821936
12824408	12831047
12824408	12831047
12827358	12827855
12836263	12841243
12836263	12841243
12836263	12841243
12836263	12841243
12836263	12841243
12841791	12848719
12843044	12848719
12849470	12851297
12849470	12851297
12849470	12851646
12852236	12852553
12852236	12852553
12853022	12857167
12857713	12862788
12864277	12869648
12865285	12866718
12867740	12869065
12873167	12873913
12874750	12875374
12875759	12876408
12878099	12878949
12879888	12882630
12883783	12885987
12883783	12885987
12883783	12885987
12891023	12893014
12896406	12897749
12916881	12934074
12916881	12934074
12924341	12926329
12927312	12929320
12929936	12931940
12940037	12940541
12942177	12944476
12942177	12956129
12942177	12958214
12942177	12958214
12942177	12958214
12942177	12958214
12942177	12958214
12942177	12958214
12942177	12958214
12942177	12958214
12942177	12961221
12942177	12961221
12942177	12961221
12942177	12961221
12942177	12961221
12942177	12972517
12950159	12952574
12950159	12952574
12974683	12975743
12975971	12978031
12978457	12980795
12982843	12988965
12985846	12988965
12994270	12996137
13001676	13052199
13034189	13035402
13042014	13042298
13068532	13069210
13069451	13071609
13072124	13072849
13072928	13073117
13074335	13082578
13074958	13082578
13086688	13090943
13086699	13090943
13088377	13090943
13094982	13096140
13099226	13109043
13113064	13124500
13113064	13124500
13113064	13124500
13127118	13128119
13138003	13141846
13138571	13140323
13138571	13140323
13138597	13140323
13138743	13140323
13140722	13141846
13142104	13144783
13146627	13147494
13146862	13147494
13148663	13149346
13149879	13156707
13152512	13153591
13157618	13159189
13159849	13160422
13161774	13162416
13162686	13163806
13164292	13165436
13164292	13165436
13168567	13175329
13168567	13175329
13168567	13178165
13168567	13179161
13168567	13183143
13168567	13183143
13194986	13202873
13194986	13216530
13194986	13216530
13194986	13216530
13234030	13246462
13241445	13243077
13241916	13243077
13242262	13243077
13244042	13244923
13245526	13246462
13247983	13248468
13248597	13248809
13248597	13248809
13249688	13250148
13251914	13253571
13251914	13253571
13251914	13271052
13251914	13285804
13251914	13289416
13289673	13290506
13290525	13293894
13294119	13295075
13295344	13300216
13296232	13297587
13300520	13300975
13301957	13304031
13304280	13304945
13305440	13306869
13306965	13308245
13310974	13315480
13310974	13315480
13317410	13318747
13319831	13321168
13323797	13327304
13323797	13327304
13323797	13327304
13329549	13330430
13331097	13331983
13338037	13341097
13338037	13341097
13343657	13348851
13343657	13350428
13343657	13350627
13343657	13350627
13343657	13350627
13343657	13350627
13343657	13351133
13343836	13350627
13345825	13350627
13345825	13350627
13345825	13350627
13345825	13350627
13351712	13353192
13354438	13355283
13355761	13359686
13355761	13359686
13375953	13378272
13378459	13380721
13382805	13394693
13382805	13394693
13396052	13397270
13405775	13411868
13405775	13412296
13405775	13412296
13414910	13417102
13414910	13417102
13417394	13419521
13419541	13421746
13419541	13422355
13423049	13424994
13425145	13426863
13425145	13426863
13425145	13427191
13425145	13427191
13427914	13429795
13427914	13429795
13431778	13432924
13433060	13437458
13438309	13440139
13442449	13444452
13445073	13445658
13445881	13448120
13448397	13454240
13455106	13459281
13455106	13459945
13455106	13461300
13456008	13459945
13461834	13462873
13461860	13462873
13462084	13462873
13463337	13466127
13463337	13466127
13463337	13471756
13463337	13471756
13463337	13471756
13463337	13471756
13463337	13471756
13467494	13471756
13473011	13474937
13473569	13474937
13473569	13474937
13475555	13477040
13477975	13478643
13485563	13495179
13485563	13496673
13485563	13496673
13497866	13506515
13507247	13511667
13513633	13516498
13519978	13538346
13520320	13538346
13520320	13538346
13520320	13538346
13539992	13542097
13547269	13550837
13554477	13559078
13560552	13561800
13562142	13564796
13564861	13566254
13567553	13568143
13568793	13571833
13569615	13570314
13584684	13586714
13584684	13586714
13590094	13591765
13596756	13598273
13599711	13617254
13599711	13617254
13608668	13617254
13611746	13617254
13611746	13617254
13611746	13617254
13611746	13617254
13611746	13617254
13611746	13617254
13611746	13617254
13629281	13632619
13629281	13633305
13629281	13633833
13629281	13635188
13629281	13635188
13629281	13635188
13629281	13635188
13629281	13635188
13629281	13636070
13629281	13636107
13629281	13636107
13629281	13636107
13629281	13636107
13629281	13636107
13629281	13636107
13629281	13636107
13629281	13636107
13629281	13636107
13629281	13636107
13629281	13636107
13629281	13636107
13629281	13636107
13629281	13636107
13629281	13636107
13629344	13636107
13629344	13636107
13637782	13640117
13637782	13641036
13637782	13641036
13637782	13641036
13643373	13691083
13643373	13691083
13643373	13691083
13643373	13691083
13650572	13651731
13692416	13693480
13700127	13707973
13700127	13707973
13700127	13707973
13700127	13707973
13700127	13707973
13700127	13707973
13700127	13707973
13700127	13707973
13714465	13715250
13735610	13737748
13735610	13737748
13739583	13741778
13743016	13743550
13743837	13744625
13764776	13766414
13764776	13766414
13770765	13777808
13770765	13779231
13770765	13779523
13781032	13783767
13781032	13792800
13804454	13806920
13816503	13821554
13816503	13821554
13816503	13821554
13825861	13904925
13839939	13847746
13890310	13891130
13903044	13904925
13903044	13904925
13910762	13911929
13921858	13927600
13923471	13927600
13930833	13931804
13932633	13937835
13939419	13940721
13942518	13943494
13963328	13965365
14013863	14015339
14017312	14022111
14017312	14022239
14017312	14023503
14019094	14023503
14023704	14024462
14025593	14027831
14025593	14027831
14025914	14027831
14031207	14031669
14031207	14031669
14032291	14033388
14046562	14047136
14048709	14050803
14058375	14058944
14060256	14061119
14137284	14191746
14137284	14191746
14137284	14191746
14137284	14191746
14137284	14191746
14137284	14191746
14137284	14191746
14137284	14191746
14137284	14191746
14137284	14191746
14137284	14191746
14216118	14216773
14217672	14218309
14219148	14219793
14224772	14225276
14233750	14234004
14248805	14249272
14251261	14251680
14256178	14256473
14257149	14257974
14258409	14258967
14259694	14261172
14262173	14262487
14262794	14263494
14269343	14269717
14269868	14270339
14270648	14271386
14271834	14272631
14272898	14273342
14274141	14274596
14275198	14276937
14275198	14276937
14278433	14281368
14281752	14283796
14281752	14285341
14286052	14288841
14286052	14289780
14286052	14289780
14289996	14290991
14289996	14290991
14291330	14293663
14293874	14297416
14293874	14297416
14307677	14315779
14307677	14316879
14307677	14318443
14307677	14318443
14307677	14318443
14310532	14318443
14310532	14318443
14310532	14318443
14316929	14318443
14316929	14318443
14316929	14318443
14320434	14321275
14321758	14322530
14322886	14325927
14326603	14328253
14326603	14328253
14329797	14336538
14329797	14336538
14331299	14336538
14338173	14339775
14338173	14339775
14343172	14344576
14344727	14346088
14346351	14347598
14347780	14361998
14362538	14366957
14363178	14366957
14372287	14374269
14375428	14380883
14379338	14380883
14382107	14385151
14382107	14387948
14385885	14386375
14386640	14387054
14386640	14387145
14394015	14397940
14400647	14401611
14402556	14402884
14403496	14406296
14417190	14422910
14417190	14422910
14432259	14463593
14434994	14439784
14466321	14474783
14470001	14470204
14470381	14470554
14471633	14473582
14476433	14476958
14477093	14477824
14478868	14482292
14483106	14483348
14484764	14486158
14486837	14488033
14488195	14491323
14492331	14492730
14492331	14492887
14517498	14518265
14535479	14556806
14535607	14556806
14575898	14576257
14576800	14577482
14576800	14577482
14577942	14578877
14580595	14582022
14582345	14583031
14584800	14590485
14592397	14594198
14592397	14594198
14592397	14594198
14592397	14594198
14594301	14595200
14594301	14595200
14594301	14596076
14594301	14596076
14596450	14598111
14596450	14599171
14598202	14598957
14599673	14600011
14600226	14604601
14605722	14609542
14605722	14612295
14605722	14612295
14613767	14614508
14615265	14616279
14616770	14617132
14617222	14618481
14619838	14621431
14619838	14622613
14624563	14637172
14624563	14637172
14646741	14647899
14655002	14656341
14657187	14658477
14659747	14660454
14659747	14660454
14659747	14660454
14660883	14663491
14660883	14663491
14663726	14664174
14705346	14709904
14705346	14709904
14705346	14709904
14705346	14709904
14705346	14709904
14705346	14709904
14705346	14709904
14705346	14709904
14705346	14709904
14705346	14709904
14705346	14709904
14705346	14709904
14713729	14715957
14713729	14715957
14713729	14715957
14713729	14715957
14718118	14719179
14726656	14728546
14726656	14728546
14730905	14739136
14731320	14732480
14733633	14734673
14736420	14739136
14742455	14746492
14742455	14746492
14748937	14749548
14749723	14750169
14750996	14751376
14751467	14751871
14751940	14752278
14753023	14753394
14754485	14755306
14756263	14756619
14757943	14758398
14760187	14760960
14761253	14761564
14761908	14762129
14764324	14764656
14764924	14766271
14766627	14767176
14769860	14770564
14771113	14772965
14771113	14773099
14773604	14774066
14775505	14775894
14779419	14780637
14781000	14785210
14781000	14785210
14781000	14785210
14781000	14785210
14781000	14785210
14781000	14785210
14781000	14785210
14781000	14785210
14781000	14785210
14781000	14785210
14781000	14785210
14781000	14785210
14787210	14788072
14790624	14791049
14791623	14792269
14791724	14792269
14792572	14793138
14793786	14796343
14798881	14799537
14800707	14801168
14802098	14804674
14802098	14804674
14805682	14806779
14806971	14808900
14808411	14808671
14809121	14809465
14809974	14810462
14809974	14811183
14809974	14811183
14809974	14812597
14812840	14813070
14813162	14813749
14814253	14816824
14815214	14816824
14815303	14816824
14815591	14816824
14815591	14816824
14817158	14818535
14819704	14825474
14819704	14825474
14819704	14844098
14819704	14844098
14819704	14844098
14819704	14844098
14819704	14844098
14856698	14857235
14865802	14866887
14867582	14868355
14868569	14869715
14869969	14871643
14873043	14879115
14873043	14879115
14879697	14887724
14879697	14887724
14879697	14887724
14879697	14887724
14882241	14887724
14882241	14887724
14882415	14887724
14882415	14887724
14883520	14887724
14883520	14887724
14883520	14887724
14883520	14887724
14884476	14887724
14884476	14887724
14890618	14899445
14894875	14899445
14894875	14899445
14897779	14899445
14898293	14899445
14898574	14899445
14901007	14901663
14902584	14903237
14909174	14912232
14909174	14912232
14913527	14914016
14914271	14917150
14935431	14935939
14947445	14947864
14948199	14949249
14949687	14950203
14950453	14951116
14952195	14952634
14972677	14975976
14976134	14977359
14977848	14981476
14978218	14981476
14986699	14989579
14990200	14991109
14992309	14993339
14993781	14994580
14994802	14995595
14997766	15001205
15005953	15024777
15005953	15050727
15005953	15051165
15005953	15051165
15005953	15051165
15034235	15034567
15072021	15078309
15072021	15078309
15073970	15078309
15073970	15078309
15085935	15093589
15085935	15093589
15101589	15114967
15101589	15116270
15121184	15123067
15121184	15123067
15121184	15123067
15126646	15128017
15126646	15133311
15126646	15134909
15126646	15134909
15126646	15134909
15137263	15138009
15137263	15138009
15143500	15152280
15148519	15148947
15153097	15153858
15155028	15158194
15159041	15160696
15160928	15162398
15163666	15167953
15163666	15167953
15163666	15167953
15163666	15167953
15163666	15167953
15174021	15174599
15208214	15208912
15208214	15208912
15210608	15212524
15252493	15253740
15254073	15254516
15256864	15265212
15256864	15266112
15266805	15268444
15270683	15271409
15272061	15272751
15272061	15272868
15273445	15274134
15274638	15275374
15276043	15276716
15280297	15280644
15339621	15339904
15342162	15342540
15342707	15343197
15343906	15344098
15345565	15345756
15346629	15346926
15347850	15348035
15351055	15352514
15353956	15354681
15355972	15356640
15356834	15357493
15357917	15358585
15359368	15360033
15360258	15360926
15361651	15362319
15363323	15363988
15364376	15365264
15368731	15372921
15368731	15372921
15370633	15372921
15375028	15378460
15375028	15378460
15375028	15378460
15375028	15378460
15375028	15378460
15375028	15378460
15376229	15378460
15376229	15378460
15376538	15378460
15376538	15378460
15376538	15378460
15376538	15378460
15376538	15379034
15379641	15383208
15383881	15391634
15383881	15391634
15383881	15391634
15384135	15391634
15384135	15391634
15384135	15391634
15384135	15391634
15384135	15391634
15394005	15397095
15398725	15399218
15399462	15403050
15399715	15401523
15403305	15404648
15404669	15406201
15409892	15426093
15409899	15426093
15412527	15426093
15442415	15443172
15442415	15443172
15451275	15453104
15459767	15460991
15462758	15469602
15471110	15472758
15473619	15475868
15477161	15478291
15481327	15496546
15481327	15496546
15481327	15496546
15481327	15515837
15502635	15503423
15516949	15521594
15518107	15521594
15522308	15527049
15529284	15531144
15529748	15531144
15532315	15534737
15550285	15557622
15550285	15557622
15587254	15588169
15597952	15604824
15597952	15604824
15597952	15604824
15597952	15604824
15597952	15604824
15597952	15604824
15645355	15646730
15647142	15648586
15649906	15651264
15653074	15653853
15656516	15657169
15663364	15664919
15667671	15669230
15667671	15669230
15669853	15672063
15687600	15690706
15687600	15690706
15687600	15690706
15693291	15709563
15710244	15711296
15711736	15714015
15714139	15714359
15715356	15716726
15716860	15724500
15717371	15719221
15717371	15719221
15719361	15721092
15721498	15724500
15725003	15728050
15729362	15732937
15754552	15754707
15760597	15762015
15760597	15764087
15764146	15811487
15770893	15771658
15770893	15771658
15795353	15795804
15815971	15817949
15818500	15822405
15818500	15828000
15818980	15828000
15830016	15830402
15831796	15842636
15845058	15846947
15847203	15849005
15853082	15855480
15859819	15871680
15859819	15871680
15859819	15871680
15859819	15871680
15859819	15871680
15859819	15871680
15859819	15871680
15859819	15871680
15877569	15880039
15877569	15880039
15885390	15887042
15887132	15888379
15888633	15889373
15889821	15891374
15891693	15893255
15891693	15897143
15902487	15908639
15902857	15908639
15902905	15908639
15903384	15908639
15903731	15904189
15903731	15904687
15903731	15908335
15903731	15908639
15904214	15908639
15904381	15908639
15904707	15908639
15905265	15908639
15905265	15908639
15906162	15908639
15906564	15908639
15906974	15908639
15907535	15908639
15907870	15908639
15909556	15910444
15909632	15910444
15911034	15913653
15911034	15913653
15911034	15913653
15911034	15913653
15911034	15913653
15915241	15918166
15915241	15919393
15915241	15919393
15920414	15921515
15921726	15924386
15925077	15930247
15931234	15932283
15932644	15933688
15932846	15934141
15934239	15935669
15937084	15940968
15937084	15940968
15937084	15941180
15937084	15951844
15963591	15964147
15963608	15964147
15968523	15968864
15969687	15971063
15971373	15973481
15974463	15977567
15974694	15977567
15978071	15979235
15979545	15980558
15980611	15981399
15981850	15983177
15983712	15984928
15985099	15985948
15985099	15985948
15987314	15991388
15987314	15992949
15994144	15995603
15996231	15997958
15998491	15999096
15998770	15999096
15999235	16000577
15999235	16000577
16002364	16003617
16002364	16003617
16004152	16005234
16004152	16005385
16005659	16008601
16006862	16008163
16009356	16021702
16009356	16022727
16009356	16030384
16009356	16031409
16009356	16033504
16009356	16033504
16009356	16033504
16009356	16033504
16009356	16033504
16009356	16033504
16009356	16033504
16009356	16033504
16009356	16033504
16009356	16033504
16009356	16033504
16009356	16033504
16009356	16033504
16009356	16033504
16009356	16033504
16011545	16022727
16011545	16022727
16011545	16030384
16011545	16033504
16026676	16026993
16047019	16054262
16047019	16054262
16047019	16054262
16047019	16054262
16056011	16060580
16056011	16060580
16061191	16062134
16065049	16068683
16065049	16068683
16069037	16082980
16069037	16082980
16083676	16084272
16084900	16085704
16089277	16094765
16110029	16111257
16110029	16111257
16111439	16113586
16114167	16114562
16114167	16115579
16120751	16123253
16122034	16123253
16124251	16124856
16124251	16125301
16124251	16125301
16124715	16125301
16125619	16128543
16128638	16130106
16128638	16131857
16130039	16131857
16132455	16134916
16135095	16137034
16135095	16137034
16137258	16139212
16139485	16141381
16139485	16141381
16139572	16141381
16141544	16143036
16143850	16151322
16143850	16151322
16143850	16152436
16143850	16152436
16145990	16152436
16152512	16155475
16155823	16157708
16158556	16159252
16159295	16160641
16165414	16168185
16165414	16168185
16175961	16183159
16175961	16183159
16175961	16183159
16175961	16183159
16175961	16183503
16175961	16183503
16175961	16183503
16177975	16183159
16183905	16185350
16185573	16186895
16185573	16186895
16185573	16186895
16188639	16191868
16188639	16191868
16188936	16191868
16196540	16199887
16196540	16199887
16196904	16199887
16196904	16199887
16196904	16199887
16196904	16199887
16196904	16199887
16202863	16203762
16209993	16228254
16209993	16228254
16209993	16228254
16209993	16228254
16209993	16228254
16209993	16228254
16209993	16228254
16212707	16228254
16212760	16228254
16237627	16245353
16237627	16245353
16237627	16248023
16237627	16248023
16237627	16248023
16237627	16248023
16237627	16248023
16248889	16251920
16252138	16253528
16254083	16254719
16254874	16257699
16259053	16259774
16262295	16297637
16262295	16297637
16262295	16297637
16262295	16297637
16262295	16297637
16262295	16297637
16262852	16263259
16280924	16281543
16283553	16284171
16303668	16304458
16306764	16308851
16306764	16309009
16309308	16309831
16313413	16314246
16318900	16320174
16320484	16322280
16322337	16324247
16342103	16360378
16342103	16360378
16342103	16437862
16342103	16437862
16342103	16437862
16342103	16437862
16342103	16437862
16342103	16437862
16342103	16437862
16342103	16437862
16342103	16437862
16342103	16437862
16342103	16437862
16342103	16437862
16342103	16437862
16342103	16437862
16342103	16437862
16342103	16437862
16342103	16437862
16342103	16437862
16365427	16366611
16402237	16402570
16409007	16411873
16446937	16447150
16448024	16448441
16454736	16455923
16458705	16459786
16468852	16470712
16469674	16470712
16473626	16474655
16475484	16479107
16481534	16483598
16491820	16492080
16496758	16498807
16508738	16509219
16509491	16509973
16511138	16511912
16514318	16514777
16523718	16524174
16534978	16536210
16537362	16538923
16549241	16549746
16582200	16582675
16594145	16598482
16649024	16650976
16719552	16720112
16719552	16720180
16720656	16721242
16721588	16722177
16727972	16728593
16727972	16728593
16751844	16753496
16751844	16753496
16751844	16753496
16751844	16753496
16751844	16753496
16751844	16753496
16845526	16846129
16885910	16890073
16915732	16921129
16985308	16986096
16985375	16986096
17006326	17007911
17008957	17010542
17010733	17012214
17012820	17014380
17015295	17016860
17018156	17019721
17020665	17022248
17023199	17025068
17025196	17026773
17029144	17030709
17031435	17033145
17031435	17035438
17031435	17036554
17031435	17036941
17031435	17044650
17031435	17045423
17031435	17047313
17031435	17053818
17057091	17059550
17057091	17059550
17060311	17060475
17064246	17067041
17064246	17067041
17070581	17071599
17070581	17071599
17074068	17076957
17074068	17077059
17074068	17077059
17074068	17078008
17074068	17078008
17074068	17080315
17074068	17080315
17074068	17087963
17074068	17087963
17074068	17087963
17074714	17080315
17097792	17104820
17097792	17104820
17097792	17104820
17108136	17118442
17111231	17111686
17112451	17112900
17113125	17113571
17117112	17118046
17119310	17120923
17121328	17121630
17122997	17124997
17125214	17129215
17125214	17129215
17129558	17130890
17132157	17133761
17135678	17136679
17137136	17138758
17137136	17139718
17141024	17142686
17143445	17144771
17145140	17147611
17150427	17151103
17151652	17152344
17151652	17152542
17153059	17161700
17153059	17165807
17153059	17174873
17153059	17174873
17153059	17175822
17194171	17214911
17194171	17214911
17196050	17214911
17206404	17214911
17206404	17214911
17217476	17218094
17217476	17218094
17218341	17219707
17218341	17219707
17220847	17222514
17224329	17225085
17225195	17227480
17230838	17232728
17245521	17251543
17248320	17249409
17252682	17253822
17256785	17258298
17256785	17258465
17260089	17261694
17262618	17265273
17262618	17265273
17268007	17268576
17268966	17270266
17274459	17277581
17278123	17281263
17285434	17286819
17287591	17288336
17288592	17289161
17289670	17295381
17289670	17295381
17297700	17317103
17299563	17317103
17299563	17319350
17299563	17319381
17299563	17319381
17300729	17301508
17302346	17302676
17308240	17317103
17308240	17317103
17308240	17317103
17310954	17317103
17311089	17311652
17320432	17322155
17320484	17322155
17322384	17323272
17323875	17328318
17323875	17328666
17323875	17328666
17329680	17330698
17329755	17330698
17329755	17330698
17330912	17331874
17332998	17334983
17332998	17334983
17333136	17334983
17336112	17338261
17338716	17340617
17338716	17340617
17341445	17344120
17341445	17344120
17341445	17344120
17345743	17348714
17345743	17348714
17349128	17352365
17349571	17350485
17352787	17354664
17357295	17357507
17357295	17357507
17358837	17359496
17359923	17360810
17367669	17396683
17367669	17396683
17367669	17396683
17367669	17396683
17367669	17396683
17367669	17396683
17367669	17396683
17367669	17396683
17367669	17396683
17367669	17396683
17367669	17396683
17367669	17396683
17367669	17396683
17367669	17396683
17367669	17396683
17367669	17396683
17367669	17396683
17367669	17396683
17369673	17396683
17369673	17396683
17377217	17396683
17377217	17396683
17402273	17404296
17405837	17407908
17408197	17409601
17428491	17442088
17446205	17447492
17446205	17447492
17446205	17447492
17446205	17447492
17446205	17447492
17458818	17466204
17458818	17466204
17458818	17466204
17461346	17466204
17461346	17466204
17461346	17466204
17463866	17464405
17476604	17477422
17478328	17479778
17480772	17482213
17480772	17482213
17484552	17485442
17485717	17487987
17491376	17493713
17494105	17494662
17494810	17497111
17495485	17497111
17497490	17498722
17497490	17498785
17497490	17499821
17498731	17499821
17500120	17500677
17503600	17504175
17505449	17509977
17505449	17509977
17505449	17509977
17511463	17513522
17517367	17519231
17519833	17520183
17520501	17524134
17520501	17524235
17520501	17525113
17520501	17525113
17537263	17550989
17581751	17582710
17587761	17633901
17587761	17634759
17587761	17646637
17587761	17646637
17587761	17646637
17618687	17619820
17656794	17679932
17656794	17679932
17656794	17679932
17656794	17679932
17656794	17679932
17656794	17679932
17656794	17679932
17656794	17679932
17656794	17679932
17656794	17679932
17656794	17679932
17680926	17683179
17683519	17684780
17685799	17690484
17690734	17692121
17693085	17693336
17694564	17695756
17694564	17701382
17708544	17729711
17708544	17729711
17708544	17729711
17708544	17740940
17708544	17740940
17708544	17740940
17708679	17740940
17708679	17740940
17708679	17740940
17749170	17751121
17749170	17751121
17749170	17751121
17752079	17759853
17752274	17759853
17763914	17766611
17768059	17768736
17769399	17769993
17782597	17785638
17782597	17785638
17782597	17786910
17782597	17786910
17782597	17786962
17782597	17786962
17782597	17786962
17782597	17786962
17788749	17799417
17800282	17802580
17804113	17804808
17805364	17807529
17805572	17807529
17807692	17809444
17809970	17811570
17812649	17819849
17812649	17819849
17812649	17819849
17812649	17819849
17812895	17813140
17822528	17824059
17831673	17838202
17839061	17839870
17840131	17844786
17845158	17845943
17847599	17848369
17848578	17849348
17849672	17850442
17852046	17852816
17852888	17853188
17853512	17854270
17854901	17855631
17857071	17858332
17858408	17858952
17859388	17859821
17859925	17872109
17861130	17862360
17863053	17864423
17871012	17871869
17871012	17871869
17872364	17873911
17873986	17875358
17876240	17877324
17878518	17879384
17878518	17882168
17879614	17880493
17880642	17884488
17882398	17883277
17883426	17884488
17883426	17884488
17883426	17885148
17886738	17932248
17886738	17959561
17966076	17970406
17973656	17974372
17975314	17976029
17989056	17990072
17994652	17996572
17998494	18018473
18022618	18023209
18027473	18036668
18027473	18036668
18027473	18036668
18029197	18036668
18029197	18036668
18030556	18031025
18031711	18036668
18038475	18049799
18066208	18068507
18082008	18082723
18084164	18084783
18086226	18088136
18093711	18096589
18098348	18098794
18104098	18105386
18106353	18108777
18110158	18111381
18114507	18116376
18114507	18116376
18117601	18118089
18118774	18120622
18121216	18122179
18121216	18122260
18123005	18124142
18124241	18125593
18125928	18127984
18128562	18129556
18130144	18131444
18131820	18135449
18136415	18137928
18139484	18141601
18139484	18141601
18142077	18144245
18146551	18147621
18150130	18150824
18154641	18155150
18154641	18155150
18154799	18155150
18156319	18160187
18158783	18160187
18163032	18174853
18163032	18174853
18163032	18174853
18163032	18174853
18163032	18174853
18163032	18174853
18163032	18174853
18163032	18174853
18176168	18184543
18191916	18208139
18199336	18200910
18220466	18223916
18220466	18223916
18220466	18223991
18231325	18254542
18231325	18260307
18231325	18260476
18231325	18305585
18231325	18305585
18231325	18305585
18231325	18305585
18231325	18305585
18293233	18295557
18339784	18340892
18350529	18351303
18350529	18351563
18359058	18360641
18360972	18363760
18366271	18376941
18366271	18376941
18366271	18376941
18383146	18383553
18394873	18395943
18396375	18396716
18396782	18397275
18398225	18399476
18399722	18400765
18401242	18403706
18404419	18406713
18407026	18409379
18411367	18413381
18415571	18416721
18418811	18427373
18418811	18427373
18428873	18431539
18428873	18436219
18437569	18441811
18444352	18447386
18444352	18447386
18448779	18450236
18466254	18478242
18514031	18515644
18516501	18517815
18518985	18519985
18518985	18519985
18520199	18521168
18521248	18522155
18523291	18524337
18523291	18524727
18523291	18525064
18523291	18525344
18523291	18527581
18523291	18527851
18523291	18529386
18523291	18531519
18523291	18532421
18523361	18527333
18523361	18528295
18534065	18534577
18536268	18538249
18538611	18539524
18538611	18539524
18538611	18540007
18540973	18542504
18540973	18542504
18540973	18542504
18540973	18542623
18543821	18545893
18544085	18545893
18551010	18561107
18580991	18583147
18584225	18584741
18585266	18586890
18587931	18588543
18589534	18592609
18595706	18602821
18604643	18611243
18615773	18618009
18620153	18622715
18647015	18647341
18647015	18647491
18649420	18657159
18649420	18659299
18649420	18660062
18649420	18660062
18649420	18660406
18649420	18660406
18649420	18660406
18649420	18660406
18649420	18660406
18649420	18660406
18651266	18660406
18661635	18661793
18662624	18664928
18663097	18664814
18666616	18670036
18666616	18670036
18698138	18700198
18698138	18700198
18698138	18700198
18698138	18700198
18698138	18700198
18701382	18704340
18701382	18704340
18701382	18704340
18714691	18730030
18714691	18759415
18779600	18782705
18783794	18786117
18783794	18786117
18786564	18788964
18789119	18789969
18791239	18793923
18791239	18793923
18791239	18793923
18794795	18795865
18796842	18798561
18799652	18801398
18814322	18815757
18814322	18815757
18816852	18820091
18816852	18820287
18828535	18836989
18828535	18836989
18862495	18876316
18862495	18876316
18878493	18880342
18878493	18880342
18878493	18880342
18878493	18880780
18882814	18884500
18885238	18894866
18885238	18894866
18885238	18894866
18885238	18894866
18885238	18894866
18896117	18896386
18896396	18897097
18897225	18901240
18902856	18903266
18902856	18903266
18914682	18915541
18919912	18920316
18919912	18920316
18921889	18922261
18921889	18922261
18921889	18923967
18921889	18923967
18922405	18923229
18925271	18927554
18943559	18945384
18955583	18955933
18968035	18969344
18985572	18987235
18992917	18993226
18994363	18995457
18995972	18997284
19005605	19006624
19006723	19007682
19008153	19009217
19009348	19010286
19013124	19023524
19013124	19081747
19024866	19025780
19026644	19027355
19028081	19028926
19030247	19031620
19051438	19052481
19055265	19057121
19073124	19074158
19127255	19139810
19127255	19139810
19145798	19146461
19147429	19148541
19157584	19157979
19161853	19164353
19167349	19169420
19170532	19171822
19175248	19176478
19176690	19177971
19183459	19184288
19186495	19239238
19186495	19239238
19236690	19237304
19244178	19245206
19260104	19261327
19263017	19264515
19265385	19274074
19271847	19273055
19271847	19274074
19272161	19273055
19273339	19274074
19274638	19276053
19276265	19277886
19278458	19280082
19280612	19282807
19283639	19284958
19289014	19292792
19289014	19292792
19289014	19292792
19293733	19295049
19293733	19295049
19293733	19295049
19293733	19295673
19293986	19295049
19300265	19390517
19300265	19390517
19300265	19390517
19300265	19390517
19300265	19390517
19300265	19390517
19395038	19399473
19401325	19409582
19401325	19409582
19401325	19409582
19413484	19416054
19422486	19427318
19422486	19428474
19422486	19428474
19422486	19429089
19422486	19429089
19422486	19430742
19422486	19430742
19422486	19430742
19425021	19430742
19425021	19430742
19425021	19430742
19425902	19430742
19425902	19430742
19431795	19433364
19434644	19468625
19446881	19449612
19456235	19468625
19471045	19472312
19471045	19481370
19515638	19516349
19515893	19516349
19519004	19522372
19525111	19526263
19527643	19528754
19529178	19530278
19533090	19534053
19536742	19538393
19536742	19538393
19550866	19571062
19550866	19578025
19550866	19579506
19550866	19579506
19550866	19579506
19550866	19579506
19585273	19587132
19596919	19607209
19596919	19608587
19596919	19608587
19596919	19608587
19596919	19608587
19596919	19608587
19596919	19608587
19609575	19611337
19609575	19611337
19609575	19611337
19611704	19612452
19615767	19616885
19628327	19629803
19630548	19632380
19636871	19646918
19636871	19646918
19637221	19646918
19637221	19646918
19648457	19650466
19648564	19650466
19654148	19659020
19656303	19656488
19660461	19662015
19665566	19670726
19665566	19670726
19665566	19670726
19665566	19670726
19665566	19670726
19665566	19670726
19667514	19670726
19672023	19675730
19675967	19676647
19677952	19678395
19678504	19679404
19680940	19683872
19685302	19686105
19687678	19688070
19688350	19689279
19690028	19690285
19690374	19691128
19695069	19699252
19695069	19699252
19737835	19754628
19737835	19754628
19763335	19764297
19765623	19767292
19765623	19767292
19765623	19771390
19772127	19773343
19775760	19777184
19777505	19778672
19783271	19797065
19783271	19797065
19783271	19797065
19783293	19797065
19784954	19797065
19838825	19839403
19839715	19842391
19843117	19846075
19847348	19849961
19847348	19849961
19847348	19849961
19847348	19850685
19857799	19899506
19857799	19899506
19857799	19899506
19924157	19931773
19924157	19932596
19924157	19934494
19924157	19936031
19924157	19937957
19924157	19940213
19924157	19940807
19924157	19942879
19924157	19942991
19924157	19947755
19924157	19947831
19924157	19948167
19924157	19948342
19924157	19948451
19924157	19950798
19924157	19950798
19924157	19950798
19924157	19954189
19924157	19957222
19924157	19958741
19924157	19962168
19924157	19967708
19924157	19967708
19924157	19969552
19924157	19970689
19924157	19971556
19924157	19975770
19977328	19978251
19978435	19979362
19983847	19987153
19983847	19987153
19983847	19987153
19987468	19988090
19988564	19991140
19995680	20010691
19995680	20010691
19995680	20016508
20001668	20006345
20004424	20006345
20018192	20018776
20020371	20023174
20020371	20023174
20027040	20029115
20027848	20029115
20028467	20029115
20029365	20029838
20030911	20036489
20030911	20036489
20030911	20036489
20030911	20037071
20030911	20037071
20030911	20037071
20030911	20037988
20030911	20037988
20030911	20037988
20030911	20037988
20030911	20037988
20030911	20037988
20030911	20037988
20030911	20037988
20030911	20037988
20030911	20037988
20030911	20037988
20030911	20037988
20030911	20037988
20030911	20037988
20030911	20037988
20032732	20037988
20042514	20054897
20042514	20054897
20055610	20057159
20055610	20057342
20058255	20067219
20073647	20081614
20073647	20081614
20074201	20081614
20081819	20082925
20088905	20091386
20088905	20091386
20092010	20095046
20092010	20095046
20095599	20096930
20104883	20112093
20104883	20112093
20104883	20112093
20114737	20126488
20114737	20126488
20148371	20155198
20148371	20155198
20148371	20155198
20148371	20155198
20148371	20155198
20148371	20155198
20148371	20155198
20148371	20155198
20164094	20164395
20164459	20167344
20171292	20172881
20173199	20174426
20174838	20175883
20176579	20177454
20178211	20179898
20181063	20182112
20182277	20183898
20182277	20183898
20184145	20187592
20188327	20190087
20190267	20192372
20194611	20195717
20196172	20198941
20199348	20202164
20203184	20205771
20206687	20209923
20210189	20212406
20213037	20213498
20213037	20213498
20213662	20215734
20216096	20219483
20220834	20226758
20226848	20227510
20230959	20233125
20233450	20233914
20234330	20236935
20239300	20241469
20251991	20283966
20251991	20283966
20251991	20284075
20251991	20284075
20251991	20284075
20251991	20284075
20251991	20284075
20251991	20284075
20251991	20284075
20253754	20284075
20258602	20284075
20258602	20284075
20258602	20284075
20270267	20284075
20270267	20284075
20287683	20288841
20293941	20294873
20298336	20305524
20299990	20300879
20299990	20300879
20302716	20305524
20306380	20307051
20307189	20311532
20313431	20313875
20313435	20313875
20315121	20318950
20315121	20318950
20320852	20321764
20322867	20323834
20322867	20323834
20333557	20337473
20333557	20337473
20334816	20335497
20336313	20337473
20339546	20344803
20339546	20344803
20347811	20348469
20351340	20351883
20354563	20355054
20357053	20358408
20361200	20361739
20362240	20362608
20363169	20364493
20363169	20364493
20366440	20366661
20367004	20367201
20377114	20377603
20379558	20380583
20380825	20381325
20382523	20383106
20387743	20388621
20429964	20430434
20429964	20430576
20440279	20440701
20447430	20448686
20447430	20448686
20448827	20449318
20450618	20451046
20450778	20451046
20468488	20543745
20468488	20543745
20468488	20543745
20468488	20543745
20468488	20543745
20468488	20543745
20468488	20543745
20468488	20543745
20468488	20543745
20468488	20543745
20468488	20543745
20468488	20543745
20468488	20543745
20468488	20543745
20468488	20551568
20468488	20552622
20468488	20554158
20468488	20554158
20468488	20554158
20468488	20554158
20468488	20554158
20468488	20554158
20468488	20554158
20469227	20543745
20532795	20543745
20580129	20581106
20581757	20583399
20581757	20583399
20581757	20583455
20585364	20592931
20585364	20592931
20585364	20592931
20588922	20590788
20591857	20592931
20591911	20592931
20593380	20594501
20595038	20598580
20595038	20598580
20601519	20603240
20603556	20605289
20613486	20624372
20649952	20685346
20649952	20685346
20649952	20685346
20655173	20655746
20655173	20655829
20661410	20661900
20661410	20661900
20661410	20661938
20666905	20668629
20669713	20685346
20697055	20697850
20697055	20698148
20698495	20703443
20698495	20703904
20698495	20708262
20698495	20708262
20711698	20712036
20712213	20713854
20714622	20715103
20716179	20720956
20716179	20720956
20721933	20722482
20722828	20723421
20724270	20724873
20725419	20726003
20726110	20727056
20726234	20727056
20727389	20744791
20727389	20744791
20745174	20746583
20746842	20749204
20751818	20753209
20754322	20761782
20758424	20759446
20763356	20764910
20763356	20764910
20803540	20818812
20803540	20819299
20803540	20819299
20820031	20820962
20823961	20825194
20825462	20826273
20826599	20827487
20827946	20830365
20831021	20835960
20831021	20835960
20831021	20835960
20844370	20846969
20847407	20847941
20848053	20848762
20848863	20849758
20862469	20863890
20864181	20865118
20866606	20867674
20875520	20877229
20882633	20887051
20883059	20887051
20892653	20896524
20893397	20896524
20893800	20895416
20896837	20900262
20896837	20900262
20899026	20899786
20900538	20902749
20902888	20903796
20906111	20906934
20907903	20909454
20910123	20910581
20910776	20911798
20912923	20918308
20912923	20920846
20912923	20920846
20912923	20920846
20930748	20931997
20932263	20932541
20932928	20935462
20937272	20939755
20937272	20939755
20939976	20943076
20943611	20945894
20946508	20949413
20946508	20949413
20950481	20952343
20953341	20960302
20954783	20960302
20974978	20975352
20977373	20979244
20979532	20980101
20980958	20983417
20984224	20985470
20986370	20987017
20986370	20987017
20987364	20989170
20989644	20992570
20993029	20994933
21001052	21004788
21001052	21005150
21001052	21005150
21006607	21008832
21013036	21018766
21014727	21018766
21023526	21025640
21023526	21025640
21023526	21025640
21024119	21025640
21026536	21028329
21028500	21029931
21031182	21036543
21031182	21036543
21036834	21037466
21038877	21040806
21041681	21043233
21041681	21043233
21043607	21044405
21044607	21045720
21045829	21046756
21047155	21047859
21057427	21059572
21057427	21059572
21060810	21065515
21060810	21065515
21060810	21065515
21060810	21065515
21066504	21069580
21070559	21073818
21075790	21077843
21079079	21084437
21085228	21087969
21088671	21090590
21091053	21092502
21093743	21095980
21099851	21101047
21099851	21101047
21102836	21106624
21102836	21106624
21110951	21129280
21110951	21129280
21110951	21129280
21110951	21129280
21110951	21129280
21110951	21129280
21110951	21129280
21110951	21129280
21110951	21129280
21110951	21129280
21110951	21129280
21110951	21129280
21121752	21129280
21131053	21133124
21131053	21133124
21134583	21135390
21135520	21138143
21149423	21150905
21152455	21153740
21152455	21153887
21152455	21153887
21154788	21158492
21154788	21160316
21154788	21160316
21154788	21160316
21154788	21160316
21154788	21160316
21154788	21160316
21154788	21160321
21154788	21160321
21161428	21162119
21162495	21165284
21162495	21165284
21162495	21165284
21162495	21165284
21165741	21166633
21166783	21167673
21166783	21167919
21166783	21167919
21168089	21173312
21173597	21174879
21174943	21176290
21174943	21176290
21174943	21176290
21178424	21179585
21179814	21179951
21180502	21184940
21185297	21187130
21187924	21192922
21193324	21195325
21195740	21196688
21198544	21200723
21198544	21200723
21203676	21212788
21207361	21212788
21214547	21216875
21217321	21219352
21219527	21222985
21223319	21224632
21227511	21229496
21227511	21230553
21227511	21232596
21227511	21232596
21227511	21232596
21227511	21232596
21227511	21232596
21227511	21232596
21227511	21232596
21227511	21232596
21227511	21232596
21227511	21232596
21227511	21232596
21227511	21232596
21227511	21232596
21227511	21232596
21227511	21232596
21227511	21232596
21233637	21234285
21233637	21234285
21257448	21263118
21267646	21268785
21269714	21270346
21270614	21271271
21271559	21273121
21273182	21274804
21275399	21276994
21277588	21279183
21279777	21281358
21281998	21283677
21284537	21285764
21286567	21288585
21292119	21302914
21299453	21302914
21299453	21302914
21303781	21306088
21308791	21316284
21313110	21316284
21319104	21341899
21319104	21341899
21337477	21339534
21342950	21345869
21342950	21345869
21342950	21345869
21347955	21348462
21349643	21350086
21350797	21358586
21350797	21360618
21350797	21360618
21350797	21360618
21364409	21365134
21366433	21368039
21369342	21370634
21370811	21371206
21372697	21377817
21372697	21377817
21372697	21377817
21372697	21377817
21372697	21377817
21372697	21377817
21382702	21387294
21382702	21389868
21382702	21389868
21382702	21389868
21385929	21389868
21390871	21394905
21395867	21399992
21400688	21401602
21401727	21402257
21402725	21405616
21406886	21413719
21409206	21409896
21410483	21413719
21410483	21413719
21418138	21420629
21420737	21423213
21424092	21424929
21425078	21426599
21434802	21436353
21434802	21436353
21445741	21446577
21486981	21488696
21488965	21489630
21490561	21491040
21493684	21498430
21493684	21498430
21493684	21499179
21493793	21498430
21494039	21495343
21494039	21498430
21494039	21498430
21494039	21498430
21494039	21499179
21494039	21499179
21495690	21498430
21495690	21498430
21497259	21498430
21500237	21505831
21506557	21507128
21506557	21507128
21506748	21507128
21509385	21529504
21564219	21568766
21564219	21568766
21564219	21568766
21575051	21576660
21576904	21577869
21578755	21582245
21578755	21582245
21578755	21582867
21578755	21582867
21588623	21619950
21588623	21628331
21588623	21652168
21637428	21638127
21674854	21676451
21681522	21682037
21682620	21683265
21683499	21684014
21685485	21692230
21701653	21702580
21704129	21705448
21707618	21709265
21710187	21713699
21710187	21713699
21734324	21735301
21751127	21756977
21751127	21756977
21762447	21770504
21762447	21770504
21766161	21770504
21775323	21899707
21775323	21899707
21880928	21881546
21893719	21899707
21894321	21899707
21894321	21899707
21894321	21899707
21902571	21903283
21902571	21903283
21906954	21911802
21906954	21911802
21913501	21915698
21916140	21921639
21916140	21921639
21924134	21926195
21924134	21926288
21929423	21932044
21933180	21935014
21935414	21935873
21935414	21935873
21938482	21940272
21940591	21943843
21944958	21946256
21944958	21946256
21949183	21952932
21953503	21955272
21956837	21961242
21956837	21961242
21956837	21961242
21956837	21961242
21956837	21961242
21956837	21961242
21963935	21964435
21968888	21969775
21970718	21971521
21974316	21976624
21977309	21977944
21979669	21980310
21982035	21982676
21985141	22039868
21998580	21999003
21999133	21999861
22000342	22001553
22022104	22023913
22024256	22024769
22028900	22030135
22045179	22045982
22046681	22047783
22051164	22058599
22051164	22060587
22051164	22060732
22051164	22060732
22051164	22060732
22051942	22052976
22057217	22060732
22061340	22061785
22061340	22064754
22068390	22072818
22068390	22072818
22073988	22075076
22077161	22084335
22077161	22084335
22077161	22084335
22077161	22084335
22077161	22084335
22077161	22084335
22077161	22085577
22077161	22085577
22077161	22085577
22093345	22097654
22093345	22097654
22099792	22100268
22102322	22128321
22142669	22144036
22164872	22171263
22179553	22181731
22179553	22183475
22179553	22183715
22187178	22191319
22187178	22202389
22187584	22202389
22212363	22215302
22212582	22215302
22212582	22215302
22220361	22222159
22223404	22232843
22223404	22232843
22223404	22232843
22223404	22232843
22226582	22228874
22245992	22260654
22269121	22273625
22274036	22277862
22278549	22279505
22280563	22287613
22280563	22287613
22280563	22287832
22291671	22295032
22298518	22300583
22304375	22305463
22306241	22310741
22306241	22311503
22306241	22311577
22306241	22312496
22306241	22312496
22306241	22312496
22306241	22312496
22306241	22312496
22306241	22312496
22306241	22312496
22306241	22312496
22306241	22312496
22309400	22312496
22312930	22314922
22315777	22317768
22318946	22321092
22318946	22321092
22318997	22321092
22322017	22322772
22325527	22336903
22340837	22341349
22340837	22341349
22343862	22346832
22343862	22346832
22343862	22346832
22343862	22346832
22347894	22349420
22351589	22352359
22351589	22352902
22354350	22355757
22354363	22355757
22357188	22400500
22419266	22419544
22424750	22426472
22427294	22427798
22430469	22432947
22430469	22432947
22433837	22436688
22447509	22449210
22466401	22568667
22466493	22568667
22478895	22479014
22596579	22598033
22628998	22629562
22634138	22635404
22634138	22635889
22634138	22635889
22634696	22635889
22643392	22648676
22643392	22648676
22643392	22648676
22643392	22648676
22643392	22648676
22649691	22650402
22651191	22652037
22652176	22653456
22654488	22683920
22654488	22695522
22654488	22695522
22654488	22695740
22654488	22695740
22654488	22695740
22654488	22695740
22654488	22695740
22654488	22695740
22654488	22695740
22654488	22695740
22657524	22695740
22674722	22695740
22687047	22688538
22687047	22688538
22688777	22695740
22691543	22695740
22692925	22695740
22696137	22699732
22701329	22702111
22703510	22704500
22703510	22707744
22703510	22707744
22703510	22708171
22709299	22711003
22711065	22712132
22715272	22716632
22716712	22718897
22726223	22729308
22726223	22729875
22726223	22731237
22734794	22736446
22744792	22744938
22748993	22751366
22748993	22751366
22753007	22753653
22755884	22757186
22757463	22758405
22757463	22758405
22763632	22763862
22765900	22775286
22765900	22775286
22765900	22775286
22765900	22775286
22765900	22775286
22765900	22775286
22765900	22775286
22765900	22775286
22773923	22774345
22778061	22778524
22779352	22779795
22780478	22780937
22781160	22781594
22782131	22782594
22783041	22783474
22785254	22785981
22786552	22787106
22828439	22861075
22828439	22861075
22828439	22861075
22841257	22842871
22865711	22866523
22866989	22868079
22869078	22869419
22875448	22883029
22879903	22883029
22883642	22885527
22886033	22887585
22889800	22896418
22892788	22896418
22892788	22896418
22892788	22896418
22892788	22896418
22892788	22896418
22892916	22896418
22906689	22912705
22906689	22912705
22918759	22922397
22918759	22922397
22918759	22922397
22918759	22922397
22918759	22922397
22941609	22942787
22943474	22946193
22947811	22951930
22961041	22966275
22961041	22966275
22961041	22966275
22961041	22966918
22968273	22970547
22971825	22974017
22971825	22974017
22971825	22974017
22971825	22974017
22972752	22974017
22975643	22978060
22978863	22980134
22978863	22980134
22984014	22985069
22984014	22985069
22985343	22987514
22985343	22987514
22985343	22987817
22988117	22989855
22990455	23000156
22990455	23000156
22990455	23000156
22990455	23000156
22998509	22999345
23026715	23027707
23038824	23039610
23039860	23042107
23042421	23044975
23045178	23046442
23057031	23058037
23057031	23058037
23057031	23058037
23057031	23058037
23057031	23058037
23057031	23058037
23057031	23058037
23058452	23059483
23060263	23063362
23060263	23064193
23060263	23064193
23060263	23066089
23060263	23066089
23060263	23066089
23060263	23066089
23060263	23066089
23060382	23066089
23060382	23066089
23061536	23066089
23061536	23066089
23067298	23069747
23074464	23081910
23074464	23081910
23074464	23081910
23074464	23081910
23074464	23081910
23082693	23085444
23086361	23087935
23088311	23090808
23091278	23092873
23093243	23093842
23111583	23121156
23111583	23121156
23111583	23121156
23111583	23121156
23126525	23127513
23129052	23129972
23131305	23134962
23131305	23134962
23137732	23140281
23137732	23140281
23140449	23143440
23146394	23149735
23153580	23155253
23167873	23171879
23167873	23171879
23170524	23171879
23193737	23216726
23193737	23235051
23193737	23235051
23193737	23235051
23193737	23235051
23193737	23235051
23193737	23235051
23193737	23235051
23193737	23235051
23193737	23235051
23193737	23235051
23193737	23235051
23193737	23235051
23193737	23235051
23193737	23235051
23223259	23235051
23223259	23235051
23237772	23268492
23250536	23268492
23275913	23277304
23300025	23300544
23300025	23302717
23300673	23302086
23300673	23302112
23300673	23302112
23303335	23303490
23305531	23306553
23307156	23308364
23308996	23310584
23310706	23314308
23314694	23315178
23314694	23315178
23316939	23317313
23317620	23319134
23324886	23334258
23324886	23334258
23324886	23334258
23324886	23334258
23324886	23334258
23324886	23338242
23324886	23338242
23324886	23407468
23332319	23334258
23425752	23426439
23425752	23426439
23425752	23426439
23425752	23426439
23426715	23429009
23430212	23432529
23430212	23432529
23430212	23433374
23430212	23433612
23430212	23435210
23436775	23439794
23440903	23443593
23444384	23447030
23444695	23447030
23449326	23450042
23449326	23450042
23452768	23455164
23452768	23455164
23453490	23455164
23453490	23455164
23453828	23455164
23475275	23475825
